[
  {
    "№": "1",
    "Запрос": "MEH-3-24V DC",
    "Наименование": "MEH-3-24V",
    "Артикул": "DC",
    "Кол-во": "1",
    "Цена, ю": "100",
    "ИТОГО, ю": "100",
    "Вес": "1.5",
    "": "",
    "Объем": "0.01",
    " ": "",
    "ТН ВЭД": "8536500000",
    "НДС": "20%",
    "Пошлина": "5%",
    "Группа": "Электротехника",
    "Описание (сфера применения, назначение, принцип работы)": "Описание для MEH-3-24V",
    "Электрические параметры (A V W)": "220V, 50Hz",
    "Максимальное давление": "-",
    "Рабочая среда": "-",
    "Номинальный диаметр": "-",
    "Материал": "Металл/пластик",
    "Фото": "https://upload.wikimedia.org/wikipedia/commons/thumb/b/b2/Plastic_household_items.jpg/500px-Plastic_household_items.jpg",
    "Марка": "Unknown",
    "Страна происхождения": "Китай",
    "Сертификация": "EAC",
    "Стоимость сертификации": "50000",
    "Название компании": "ООО Тестовая сертификация",
    "ИНН": "1234567890",
    "Сайт": "http://test-cert.ru"
  },
  {
    "№": "1",
    "Запрос": "MEH-3-24V DC",
    "Наименование": "MEH-3-24V",
    "Артикул": "DC",
    "Кол-во": "1",
    "Цена, ю": "100",
    "ИТОГО, ю": "100",
    "Вес": "1.5",
    "": "",
    "Объем": "0.01",
    " ": "",
    "ТН ВЭД": "8536500000",
    "НДС": "20%",
    "Пошлина": "5%",
    "Группа": "Электротехника",
    "Описание (сфера применения, назначение, принцип работы)": "Описание для MEH-3-24V",
    "Электрические параметры (A V W)": "220V, 50Hz",
    "Максимальное давление": "-",
    "Рабочая среда": "-",
    "Номинальный диаметр": "-",
    "Материал": "Металл/пластик",
    "Фото": "https://upload.wikimedia.org/wikipedia/commons/thumb/b/b2/Plastic_household_items.jpg/500px-Plastic_household_items.jpg",
    "Марка": "Unknown",
    "Страна происхождения": "Китай",
    "Сертификация": "EAC",
    "Стоимость сертификации": "50000",
    "Название компании": "ООО Тестовая сертификация",
    "ИНН": "1234567890",
    "Сайт": "http://test-cert.ru"
  }
]