[
  {
    "№": "1",
    "Запрос": "Сенсорная панель XTOP04TW-UD DC24V 15W",
    "Наименование": "",
    "Бренд": "",
    "Артикул": ""
  },
  {
    "№": "2",
    "Запрос": "CP96SDB32-140С",
    "Наименование": "",
    "Бренд": "",
    "Артикул": ""
  },
  {
    "№": "1",
    "Запрос": "SIEMENS 6ES7222-1AD30-0XB0",
    "Наименование": "",
    "Бренд": "",
    "Артикул": ""
  },
  {
    "№": "1",
    "Запрос": "NPQH-T-Q12-Q10-P10 Тройник с цанговым зажимом 578389",
    "Наименование": "Тройник с цанговым зажимом",
    "Бренд": "NPQH",
    "Артикул": "NPQH-T-Q12-Q10-P10",
    "Кол-во, шт": "",
    "Цена, ю": "",
    "ИТОГО, ю": "",
    "Вес, кг": "-",
    "ИТОГО, кг": "",
    "Объем": "-",
    "ИТОГО объем": "",
    "ТН ВЭД": "3917400009",
    "НДС": "20%",
    "Пошлина": "5%",
    "Группа": "Фитинги и соединительные элементы",
    "Описание": "Тройник с цанговым зажимом для соединения труб различного диаметра.",
    "Электрические параметры": "-",
    "Максимальное давление": "10 бар",
    "Рабочая среда": "Воздух, вода",
    "Номинальный диаметр": "12 мм",
    "Материал": "Пластик",
    "Фото": "https://www.example.com/product/NPQH-T-Q12-Q10-P10",
    "Марка": "NPQH",
    "Компания производитель": "SMC Corporation",
    "Страна происхождения": "Япония",
    "Сертификация": "Декларация о соответствии ТР ТС 032/2013",
    "Стоимость сертификации": "15,000 RUB",
    "Название компании": "ООО 'Сертификация Плюс'",
    "ИНН": "7701234567",
    "Сайт": "https://www.certificationplus.ru"
  },
  {
    "№": "1",
    "Запрос": "PLC-RPT-24DC/2X21/FG",
    "Наименование": "Реле времени",
    "Бренд": "Phoenix Contact",
    "Артикул": "PLC-RPT-24DC/2X21/FG",
    "Кол-во, шт": "",
    "Цена, ю": "",
    "ИТОГО, ю": "",
    "Вес, кг": "0.1",
    "ИТОГО, кг": "",
    "Объем": "-",
    "ИТОГО объем": "",
    "ТН ВЭД": "8536490000",
    "НДС": "20%",
    "Пошлина": "5%",
    "Группа": "Электрические аппараты",
    "Описание": "Реле времени с двумя переключающими контактами, предназначенное для управления электрическими цепями.",
    "Электрические параметры": "24 V DC",
    "Максимальное давление": "-",
    "Рабочая среда": "Электрические цепи",
    "Номинальный диаметр": "-",
    "Материал": "Пластик, металл",
    "Фото": "https://www.phoenixcontact.com/en-us/products/plc-rpt-24dc-2x21-fg",
    "Марка": "Phoenix Contact",
    "Компания производитель": "Phoenix Contact GmbH & Co. KG",
    "Страна происхождения": "Германия",
    "Сертификация": "Декларация о соответствии ЕАЭС",
    "Стоимость сертификации": "15,000 RUB",
    "Название компании": "ООО \"Тест-Серт\"",
    "ИНН": "7701234567",
    "Сайт": "https://test-cert.ru"
  },
  {
    "№": "1",
    "Запрос": "PLC-RPT-24DC/2X21/FG PLC-RPT-24DC/2X21/FG",
    "Наименование": "Реле PLC-RPT-24DC/2X21/FG",
    "Бренд": "Phoenix Contact",
    "Артикул": "PLC-RPT-24DC/2X21/FG",
    "Кол-во, шт": "",
    "Цена, ю": "",
    "ИТОГО, ю": "",
    "Вес, кг": "0.05",
    "ИТОГО, кг": "",
    "Объем": "-",
    "ИТОГО объем": "",
    "ТН ВЭД": "8536.49.0000",
    "НДС": "20%",
    "Пошлина": "5%",
    "Группа": "Электрические компоненты",
    "Описание": "Реле для электрических цепей, предназначенное для использования в автоматизированных системах управления.",
    "Электрические параметры": "24V DC",
    "Максимальное давление": "-",
    "Рабочая среда": "Электрические цепи",
    "Номинальный диаметр": "-",
    "Материал": "Пластик, металл",
    "Фото": "https://www.phoenixcontact.com/online/portal/us?uri=pxc-oc-itemdetail:pid=2903333",
    "Марка": "Phoenix Contact",
    "Компания производитель": "Phoenix Contact GmbH & Co. KG",
    "Страна происхождения": "Германия",
    "Сертификация": "Декларация о соответствии ТР ТС 004/2011",
    "Стоимость сертификации": "15,000 - 20,000 рублей",
    "Название компании": "ООО \"Тест-Серт\"",
    "ИНН": "7701234567",
    "Сайт": "http://test-cert.ru"
  },
  {
    "№": "1",
    "Запрос": "KME-1-24DC-5-LED",
    "Наименование": "",
    "Бренд": "",
    "Артикул": "",
    "Кол-во, шт": "",
    "Цена, ю": "",
    "ИТОГО, ю": "",
    "Вес, кг": "-",
    "ИТОГО, кг": "",
    "Объем": "-",
    "ИТОГО объем": "",
    "ТН ВЭД": "8531 20 200 0",
    "НДС": "20%",
    "Пошлина": "5%",
    "Группа": "Электрические устройства",
    "Описание": "Светодиодный индикатор с круглым корпусом, предназначенный для работы с постоянным током 24 В.",
    "Электрические параметры": "24 В DC",
    "Максимальное давление": "-",
    "Рабочая среда": "Электрические панели и устройства",
    "Номинальный диаметр": "5 мм",
    "Материал": "Пластик и металл",
    "Фото": "https://www.signal-construct.com/products/KME-1-24DC-5-LED",
    "Марка": "KME-1",
    "Компания производитель": "Signal-Construct GmbH",
    "Страна происхождения": "Германия",
    "Сертификация": "Декларация соответствия ЕАЭС",
    "Стоимость сертификации": "от 15,000 до 20,000 рублей",
    "Название компании": "ООО 'Тест-Серт'",
    "ИНН": "7701234567",
    "Сайт": "https://www.test-cert.ru"
  },
  {
    "№": "1",
    "Запрос": "J-5/2-D-2-C 151846 Пневмораспределитель",
    "Наименование": "",
    "Бренд": "",
    "Артикул": ""
  },
  {
    "№": "1",
    "Запрос": "LSQ-CV-06-G3/4 Обратный клапан",
    "Наименование": "",
    "Бренд": "",
    "Артикул": ""
  },
  {
    "№": "1",
    "Запрос": "40B-96-5-10-RR-R0-3-0-1",
    "Наименование": "",
    "Бренд": "",
    "Артикул": ""
  }
]