
[
  {
    "№": "1",
    "Запрос": "Насос водяной НВ-100",
    "Наименование": "Насос водяной центробежный НВ-100",
    "Бренд": "НВ",
    "Артикул": "НВ-100",
    "Кол-во, шт": "",
    "Цена, ю": "",
    "ИТОГО, ю": "",
    "Вес, кг": "15.5",
    "ИТОГО, кг": "",
    "Объем": "0.05",
    "ИТОГО объем": "",
    "ТН ВЭД": "8413301900",
    "НДС": "20%",
    "Пошлина": "5%",
    "Группа": "Насосы центробежные",
    "Описание": "Центробежный насос для перекачивания воды с производительностью до 100 м³/ч",
    "Электрические параметры": "220В, 3кВт, 1450 об/мин",
    "Максимальное давление": "6 бар",
    "Рабочая среда": "Вода техническая",
    "Номинальный диаметр": "DN 80",
    "Материал": "Чугун серый",
    "Фото": "https://m.media-amazon.com/images/I/61W48iuT8gL._UF894,1000_QL80_.jpg",
    "Марка": "НВ-100М",
    "Компания производитель": "ООО Насосные технологии",
    "Страна происхождения": "Россия",
    "Сертификация": "Декларация соответствия ТР ТС",
    "Стоимость сертификации": "25000 руб",
    "Название компании": "СертТехСтандарт",
    "ИНН": "7735123456",
    "Сайт": "www.serttech.ru"
  }
]
